{
    "version": 2,
    "settings": {
        "color": {
            "palette": [
                {
                    "slug": "primary",
                    "color": "#0d6efd",
                    "name": "Primary"
                },
                {
                    "slug": "secondary",
                    "color": "#6c757d",
                    "name": "Secondary"
                },
                {
                    "slug": "dark",
                    "color": "#212529",
                    "name": "Dark"
                },
                {
                    "slug": "light",
                    "color": "#f8f9fa",
                    "name": "Light"
                }
            ],
            "custom": true
        },
        "layout": {
            "contentSize": "800px",
            "wideSize": "1200px"
        }
    },
    "styles": {
        "color": {
            "background": "var(--wp--preset--color--light)",
            "text": "var(--wp--preset--color--dark)"
        }
    }
}